,Rank,Name,Platform,Year,Genre,Publisher,NA_Sales,EU_Sales,JP_Sales,Other_Sales,Global_Sales
34,34,Call of Duty: Black Ops 3,PS4,2015,Shooter,Activision,5.77,5.81,0.35,2.31,14.24
45,45,Grand Theft Auto V,PS4,2014,Action,Take-Two Interactive,3.8,5.81,0.36,2.02,11.98
78,78,FIFA 16,PS4,2015,Sports,Electronic Arts,1.11,6.06,0.06,1.26,8.49
93,93,Star Wars Battlefront (2015),PS4,2015,Shooter,Electronic Arts,2.93,3.29,0.22,1.23,7.67
94,94,Call of Duty: Advanced Warfare,PS4,2014,Shooter,Activision,2.8,3.3,0.14,1.37,7.6
110,110,Fallout 4,PS4,2015,Role-Playing,Bethesda Softworks,2.47,3.15,0.24,1.1,6.96
125,125,FIFA 15,PS4,2014,Sports,Electronic Arts,0.79,4.29,0.05,1.47,6.59
155,155,Destiny,PS4,2014,Shooter,Activision,2.49,2.05,0.16,0.96,5.65
222,222,FIFA 17,PS4,2016,Sports,Electronic Arts,0.28,3.75,0.06,0.69,4.77
237,237,The Last of Us,PS4,2014,Action,Sony Computer Entertainment,1.78,1.87,0.07,0.82,4.55
244,244,Uncharted: The Nathan Drake Collection,PS4,2015,Action,Sony Computer Entertainment,1.96,1.69,0.08,0.74,4.47
272,272,Uncharted 4: A Thief's End,PS4,2016,Shooter,Sony Computer Entertainment,1.3,2.07,0.18,0.65,4.2
281,281,Watch Dogs,PS4,2014,Action,Ubisoft,1.4,1.86,0.11,0.77,4.14
296,296,Far Cry 4,PS4,2014,Shooter,Ubisoft,1.12,2.12,0.1,0.69,4.03
298,298,Minecraft,PS4,2014,Misc,Sony Computer Entertainment Europe,1.38,1.87,0.12,0.65,4.02
305,305,Assassin's Creed: Unity,PS4,2014,Action,Ubisoft,1.18,1.96,0.08,0.7,3.92
315,315,NBA 2K16,PS4,2015,Sports,Take-Two Interactive,2.48,0.65,0.03,0.69,3.85
323,323,Batman: Arkham Knight,PS4,2015,Action,Warner Bros. Interactive Entertainment,1.49,1.58,0.1,0.61,3.79
332,332,The Witcher 3: Wild Hunt,PS4,2015,Role-Playing,Namco Bandai Games,0.96,2,0.21,0.56,3.73
350,350,Call of Duty: Ghosts,PS4,2013,Shooter,Activision,1.78,1.42,0.05,0.38,3.63
352,352,Tom Clancy's The Division,PS4,2016,Shooter,Ubisoft,1.28,1.61,0.15,0.57,3.61
387,387,Battlefield 4,PS4,2013,Shooter,Electronic Arts,1.34,1.54,0.17,0.38,3.43
396,396,Metal Gear Solid V: The Phantom Pain,PS4,2015,Action,Konami Digital Entertainment,1.08,1.35,0.48,0.47,3.38
410,410,Assassin's Creed Syndicate,PS4,2015,Action,Ubisoft,0.8,1.92,0.06,0.5,3.28
419,419,Madden NFL 16,PS4,2015,Sports,Electronic Arts,2.33,0.3,0,0.59,3.22
472,472,Middle-Earth: Shadow of Mordor,PS4,2014,Action,Warner Bros. Interactive Entertainment,1.01,1.41,0.05,0.53,2.99
494,494,FIFA 14,PS4,2013,Sports,Electronic Arts,0.61,1.85,0.11,0.33,2.9
539,539,inFAMOUS: Second Son,PS4,2014,Action,Sony Computer Entertainment,1.27,0.97,0.07,0.47,2.78
547,547,Assassin's Creed IV: Black Flag,PS4,2013,Action,Ubisoft,1.07,1.31,0.06,0.31,2.74
554,554,Mortal Kombat X,PS4,2015,Fighting,Warner Bros. Interactive Entertainment,1.47,0.76,0,0.47,2.7
594,594,Killzone: Shadow Fall,PS4,2013,Shooter,Sony Computer Entertainment,0.89,1.33,0.07,0.28,2.58
651,651,Need for Speed (2015),PS4,2015,Racing,Electronic Arts,0.49,1.49,0.05,0.36,2.39
661,662,Bloodborne,PS4,2015,Action,Sony Computer Entertainment,1,0.76,0.26,0.36,2.38
662,663,NBA 2K15,PS4,2014,Sports,Take-Two Interactive,1.46,0.54,0.01,0.37,2.38
759,760,Tom Clancy's Rainbow Six: Siege,PS4,2015,Shooter,Ubisoft,0.54,1.16,0.13,0.32,2.15
771,772,Far Cry: Primal,PS4,2016,Action,Ubisoft,0.59,1.16,0.06,0.33,2.13
798,799,Battlefield: Hardline,PS4,2015,Shooter,Electronic Arts,0.7,0.93,0.14,0.32,2.09
837,838,Madden NFL 15,PS4,2014,Sports,Electronic Arts,1.53,0.25,0,0.25,2.03
849,850,DriveClub,PS4,2014,Racing,Sony Computer Entertainment,0.35,1.31,0.02,0.33,2
859,860,Dragon Age: Inquisition,PS4,2014,Role-Playing,Electronic Arts,0.72,0.86,0.08,0.32,1.97
906,907,Destiny: The Taken King,PS4,2015,Shooter,Activision,0.77,0.78,0.04,0.31,1.91
910,911,Need for Speed Rivals,PS4,2013,Racing,Electronic Arts,0.73,0.91,0.03,0.22,1.89
930,931,LittleBigPlanet 3,PS4,2014,Platform,Sony Computer Entertainment,0.64,0.92,0.01,0.29,1.86
948,949,Just Cause 3,PS4,2015,Action,Square Enix,0.46,1.02,0.07,0.28,1.83
958,959,The Evil Within,PS4,2014,Action,Bethesda Softworks,0.55,0.84,0.11,0.31,1.81
1023,1024,Diablo III,PS4,2014,Role-Playing,Activision,0.49,0.88,0.06,0.3,1.74
1027,1028,Overwatch,PS4,2016,Shooter,Activision,0.64,0.68,0.14,0.26,1.73
1034,1035,The Order: 1886,PS4,2015,Shooter,Sony Computer Entertainment,0.61,0.78,0.06,0.27,1.72
1035,1036,The Elder Scrolls Online,PS4,2015,Role-Playing,Bethesda Softworks,0.66,0.78,0,0.28,1.72
1050,1051,The Crew,PS4,2014,Racing,Ubisoft,0.34,1.08,0.03,0.26,1.7
1088,1089,Knack,PS4,2013,Platform,Sony Computer Entertainment Europe,0.43,0.67,0.42,0.15,1.67
1098,1099,Dying Light,PS4,2015,Action,Warner Bros. Interactive Entertainment,0.63,0.66,0.11,0.26,1.66
1123,1124,Until Dawn,PS4,2015,Adventure,Sony Computer Entertainment Europe,0.44,0.89,0.05,0.25,1.64
1157,1158,No Man's Sky,PS4,2016,Action,Hello Games,0.58,0.74,0.02,0.26,1.6
1169,1170,Wolfenstein: The New Order,PS4,2014,Shooter,Bethesda Softworks,0.47,0.8,0.03,0.29,1.58
1190,1191,Dark Souls III,PS4,2016,Role-Playing,Namco Bandai Games,0.58,0.44,0.33,0.21,1.56
1194,1195,LEGO Marvel Super Heroes,PS4,2013,Action,Warner Bros. Interactive Entertainment,0.59,0.75,0.01,0.21,1.56
1366,1367,Tomb Raider (2013),PS4,2014,Action,Square Enix,0.47,0.64,0.06,0.25,1.41
1390,1391,Doom (2016),PS4,2016,Shooter,Bethesda Softworks,0.49,0.66,0.02,0.22,1.39
1471,1472,NBA 2K14,PS4,2013,Sports,Take-Two Interactive,0.89,0.31,0.01,0.12,1.33
1542,1543,Metal Gear Solid V: Ground Zeroes,PS4,2014,Action,Konami Digital Entertainment,0.45,0.46,0.17,0.2,1.28
1629,1630,Madden NFL 17,PS4,2016,Sports,Electronic Arts,0.92,0.08,0,0.23,1.23
1674,1675,WWE 2K16,PS4,2015,Sports,Take-Two Interactive,0.41,0.6,0,0.19,1.2
1702,1703,NBA 2K17,PS4,2016,Sports,Take-Two Interactive,0.83,0.14,0,0.22,1.19
1728,1729,Ratchet & Clank (2016),PS4,2016,Platform,Sony Computer Entertainment,0.32,0.64,0.04,0.18,1.17
1809,1810,WWE 2K15,PS4,2014,Sports,Take-Two Interactive,0.38,0.56,0,0.19,1.13
1813,1814,Alien: Isolation,PS4,2014,Shooter,Sega,0.34,0.56,0.04,0.19,1.13
1833,1834,Mad Max (2015),PS4,2015,Action,Warner Bros. Interactive Entertainment,0.32,0.58,0.04,0.17,1.11
1959,1960,Naruto Shippuden: Ultimate Ninja Storm 4,PS4,2016,Fighting,Namco Bandai Games,0.39,0.41,0.1,0.16,1.06
1978,1979,Dragon Ball: XenoVerse,PS4,2015,Fighting,Namco Bandai Games,0.3,0.48,0.12,0.15,1.05
2005,2006,Project CARS,PS4,2015,Racing,Slightly Mad Studios,0.17,0.69,0.02,0.15,1.04
2013,2014,EA Sports UFC,PS4,2014,Sports,Electronic Arts,0.46,0.4,0.01,0.17,1.04
2054,2055,Rayman Legends,PS4,2014,Platform,Ubisoft,0.21,0.61,0,0.18,1.01
2128,2129,Final Fantasy Type-0,PS4,2015,Role-Playing,Square Enix,0.37,0.32,0.15,0.14,0.97
2189,2190,Evolve,PS4,2015,Shooter,Take-Two Interactive,0.35,0.41,0.05,0.15,0.95
2264,2265,Lego Batman 3: Beyond Gotham,PS4,2014,Action,Warner Bros. Interactive Entertainment,0.37,0.39,0,0.15,0.92
2272,2273,MLB 15: The Show,PS4,2015,Sports,Sony Computer Entertainment,0.67,0.08,0,0.17,0.92
2330,2331,LEGO Jurassic World,PS4,2015,Action,Warner Bros. Interactive Entertainment,0.32,0.42,0.01,0.14,0.89
2343,2344,EA Sports UFC 2,PS4,2016,Sports,Electronic Arts,0.28,0.47,0,0.14,0.89
2394,2395,Injustice: Gods Among Us,PS4,2013,Fighting,Warner Bros. Interactive Entertainment,0.46,0.29,0,0.12,0.87
2453,2454,Thief (2014),PS4,2014,Action,Square Enix,0.28,0.37,0.03,0.16,0.84
2458,2459,MLB 16: The Show,PS4,2016,Action,Sony Computer Entertainment,0.68,0,0,0.16,0.84
2472,2473,Borderlands: The Handsome Collection,PS4,2015,Shooter,Take-Two Interactive,0.36,0.32,0.03,0.14,0.84
2512,2513,Street Fighter V,PS4,2016,Fighting,Capcom,0.35,0.26,0.08,0.13,0.82
2530,2531,Madden NFL 25,PS4,2013,Sports,Electronic Arts,0.62,0.13,0,0.07,0.82
2543,2544,Guitar Hero Live,PS4,2015,Misc,Activision,0.32,0.35,0,0.13,0.81
2644,2645,Pro Evolution Soccer 2016,PS4,2015,Sports,Konami Digital Entertainment,0.13,0.42,0.13,0.1,0.78
2702,2703,Pro Evolution Soccer 2015,PS4,2014,Sports,Konami Digital Entertainment,0.09,0.43,0.11,0.13,0.76
2831,2832,Final Fantasy XIV: A Realm Reborn,PS4,2014,Role-Playing,Square Enix,0.32,0.22,0.08,0.1,0.72
2863,2864,Dragon Quest Heroes: The World's Tree Woe and the Blight Below,PS4,2015,Action,Square Enix,0.16,0.13,0.37,0.06,0.71
2876,2877,Final Fantasy X/X-2 HD Remaster,PS4,2015,Role-Playing,Square Enix,0.29,0.25,0.06,0.11,0.71
2980,2981,Disney Infinity 3.0,PS4,2015,Action,Disney Interactive Studios,0.21,0.36,0,0.11,0.68
2988,2989,Metro: Last Light,PS4,2014,Action,Deep Silver,0.22,0.3,0.04,0.12,0.68
2991,2992,Sniper Elite 3,PS4,2014,Shooter,505 Games,0.22,0.33,0,0.13,0.68
3029,3030,The LEGO Movie Videogame,PS4,2014,Action,Warner Bros. Interactive Entertainment,0.24,0.31,0.01,0.11,0.67
3036,3037,Minecraft: Story Mode,PS4,2015,Adventure,Mojang,0.23,0.33,0,0.11,0.67
3092,3093,F1 2015,PS4,2015,Racing,Codemasters,0.09,0.44,0.03,0.09,0.66
3112,3113,MLB 14: The Show,PS4,2014,Sports,Sony Computer Entertainment America,0.58,0,0,0.07,0.65
3150,3151,LEGO Marvel's Avengers,PS4,2016,Action,Warner Bros. Interactive Entertainment,0.25,0.29,0,0.1,0.64
3173,3174,LEGO Dimensions,PS4,2015,Action,Warner Bros. Interactive Entertainment,0.22,0.32,0,0.1,0.64
3213,3214,God of War III,PS4,2015,Action,Sony Computer Entertainment,0.23,0.29,0.01,0.1,0.63
3274,3275,Rocksmith 2014,PS4,2014,Misc,Ubisoft,0.34,0.17,0,0.11,0.62
3287,3288,NHL 16,PS4,2015,Sports,Electronic Arts,0.35,0.15,0,0.11,0.61
3288,3289,Plants vs. Zombies: Garden Warfare,PS4,2014,Shooter,Electronic Arts,0.21,0.29,0.01,0.11,0.61
3352,3353,LEGO The Hobbit,PS4,2014,Action,Warner Bros. Interactive Entertainment,0.12,0.37,0,0.1,0.6
3377,3378,Disney Infinity 2.0: Marvel Super Heroes,PS4,2014,Action,Disney Interactive Studios,0.26,0.24,0,0.1,0.6
3429,3430,Dark Souls II,PS4,2015,Role-Playing,Namco Bandai Games,0.2,0.22,0.08,0.08,0.59
3447,3448,NHL 15,PS4,2014,Sports,Electronic Arts,0.3,0.18,0,0.1,0.58
3665,3666,The Amazing Spider-Man 2 (2014),PS4,2014,Action,Activision,0.2,0.25,0.02,0.09,0.55
3712,3713,Resident Evil: Revelations 2,PS4,2015,Action,Capcom,0.13,0.24,0.1,0.07,0.54
3747,3748,Lego Star Wars: The Force Awakens,PS4,2016,Action,Warner Bros. Interactive Entertainment,0.14,0.32,0,0.08,0.54
3893,3894,Lords of the Fallen,PS4,2014,Role-Playing,Square Enix,0.17,0.23,0.02,0.09,0.51
3934,3935,Rory McIlroy PGA Tour,PS4,2015,Action,Electronic Arts,0.18,0.24,0,0.08,0.51
4318,4319,The Walking Dead: Season One,PS4,2014,Adventure,Telltale Games,0.12,0.25,0.01,0.08,0.45
4351,4352,Plants vs. Zombies: Garden Warfare 2,PS4,2016,Shooter,Electronic Arts,0.17,0.21,0,0.07,0.45
4362,4363,One Piece: Pirate Warriors 3,PS4,2015,Action,Namco Bandai Games,0.08,0.22,0.1,0.05,0.45
4506,4507,Trials Fusion,PS4,2014,Racing,Ubisoft,0.13,0.21,0.01,0.08,0.43
4516,4517,Sleeping Dogs,PS4,2014,Action,Square Enix,0.16,0.2,0,0.07,0.43
4563,4564,Skylanders: Trap Team,PS4,2014,Action,Activision,0.18,0.17,0,0.07,0.43
4629,4630,Wolfenstein: The Old Blood,PS4,2015,Action,Bethesda Softworks,0.09,0.25,0.02,0.06,0.42
4915,4916,Just Dance 2014,PS4,2013,Misc,Ubisoft,0.18,0.16,0,0.05,0.39
4976,4977,Saints Row IV,PS4,2015,Action,Deep Silver,0.13,0.17,0.03,0.06,0.38
5025,5026,Tales of Zestiria,PS4,2015,Role-Playing,Namco Bandai Games,0.16,0.15,0.02,0.06,0.38
5059,5060,Just Dance 2015,PS4,2014,Misc,Ubisoft,0.19,0.13,0,0.06,0.38
5097,5098,Life is Strange,PS4,2016,Adventure,Square Enix,0.14,0.15,0.03,0.06,0.37
5140,5141,Dishonored,PS4,2015,Action,Bethesda Softworks,0.11,0.18,0.02,0.06,0.37
5156,5157,Skylanders SWAP Force,PS4,2013,Platform,Activision,0.2,0.12,0,0.05,0.37
5158,5159,Rock Band 4,PS4,2015,Misc,Harmonix Music Systems,0.25,0.05,0,0.07,0.37
5173,5174,Resident Evil Zero,PS4,2016,Action,Capcom,0.09,0.17,0.05,0.05,0.36
5333,5334,Farming Simulator 2015,PS4,2015,Simulation,Koch Media,0.1,0.2,0,0.05,0.35
5346,5347,Just Dance 2016,PS4,2015,Misc,Ubisoft,0.16,0.13,0,0.06,0.35
5427,5428,Persona 5,PS4,2016,Role-Playing,Atlus,0,0,0.34,0,0.34
5483,5484,Dead or Alive 5,PS4,2015,Fighting,Tecmo Koei,0.09,0.13,0.08,0.04,0.33
5500,5501,Deus Ex: Mankind Divided,PS4,2016,Role-Playing,Square Enix,0.1,0.18,0,0.05,0.33
5614,5615,Murdered: Soul Suspect,PS4,2014,Action,Square Enix,0.09,0.16,0.02,0.05,0.32
5622,5623,TrackMania Turbo,PS4,2016,Action,Ubisoft,0.03,0.24,0,0.05,0.32
5634,5635,DiRT Rally,PS4,2016,Racing,Codemasters,0.03,0.24,0,0.05,0.32
5662,5663,Mirror's Edge Catalyst,PS4,2016,Platform,Electronic Arts,0.1,0.14,0.02,0.06,0.32
5730,5731,Homefront: The Revolution,PS4,2016,Shooter,Deep Silver,0.05,0.19,0.03,0.04,0.31
5873,5874,DmC: Devil May Cry,PS4,2015,Action,Capcom,0.12,0.13,0,0.05,0.3
5877,5878,Dynasty Warriors 8: Xtreme Legends,PS4,2014,Action,Tecmo Koei,0.09,0.11,0.06,0.04,0.3
5883,5884,Tropico 5,PS4,2015,Simulation,Kalypso Media,0.05,0.16,0.05,0.04,0.3
5892,5893,Skylanders: SuperChargers,PS4,2015,Action,Activision,0.17,0.08,0,0.05,0.3
5923,5924,Star Ocean 5: Integrity and Faithlessness,PS4,2016,Role-Playing,Square Enix,0.06,0.07,0.14,0.02,0.3
6125,6126,One Piece: Burning Blood,PS4,2016,Fighting,Namco Bandai Games,0.1,0.08,0.07,0.04,0.28
6137,6138,Pro Evolution Soccer 2017,PS4,2016,Sports,Konami Digital Entertainment,0.01,0.16,0.09,0.03,0.28
6204,6205,Dragon Quest Heroes II: Twin Kings and the Prophecy's End,PS4,2016,Action,Square Enix,0,0,0.28,0,0.28
6206,6207,UEFA Euro 2016,PS4,2016,Sports,Konami Digital Entertainment,0,0.21,0.03,0.03,0.28
6260,6261,Deadpool,PS4,2015,Action,Activision,0.13,0.1,0,0.05,0.28
6292,6293,Divinity: Original Sin,PS4,2015,Role-Playing,Focus Home Interactive,0.09,0.12,0.02,0.04,0.27
6326,6327,Disgaea 5: Alliance of Vengeance,PS4,2015,Role-Playing,Nippon Ichi Software,0.1,0.08,0.06,0.04,0.27
6335,6336,Sherlock Holmes: Crimes & Punishments,PS4,2014,Adventure,Focus Home Interactive,0.08,0.14,0,0.05,0.27
6381,6382,F1 2016 (Codemasters),PS4,2016,Racing,Codemasters,0.01,0.21,0.01,0.04,0.27
6407,6408,Payday 2,PS4,2015,Shooter,505 Games,0.09,0.14,0,0.04,0.27
6619,6620,Tearaway Unfolded,PS4,2015,Platform,Sony Computer Entertainment,0.09,0.12,0,0.04,0.25
6694,6695,J Stars Victory Vs.,PS4,2015,Fighting,Namco Bandai Games,0.07,0.14,0,0.04,0.25
6892,6893,Samurai Warriors 4,PS4,2014,Action,Tecmo Koei,0.08,0.07,0.06,0.03,0.24
6924,6925,Onechanbara Z2: Chaos,PS4,2014,Action,Nippon Ichi Software,0.13,0.02,0.04,0.04,0.24
6949,6950,The Walking Dead: Season Two,PS4,2014,Adventure,Telltale Games,0.1,0.09,0.01,0.04,0.24
7008,7009,Sword Art Online: Lost Song,PS4,2015,Role-Playing,Namco Bandai Games,0.09,0.1,0,0.04,0.23
7058,7059,NBA Live 15,PS4,2014,Sports,Electronic Arts,0.15,0.04,0,0.04,0.23
7073,7074,Rocket League,PS4,2016,Sports,505 Games,0.02,0.14,0,0.07,0.23
7181,7182,Battleborn,PS4,2016,Shooter,Take-Two Interactive,0.09,0.08,0.01,0.04,0.22
7221,7222,Dragon Quest Builders: Revive Alefgard,PS4,2016,Role-Playing,Square Enix,0,0,0.22,0,0.22
7247,7248,Tales of Berseria,PS4,2016,Role-Playing,Namco Bandai Games,0,0,0.22,0,0.22
7255,7256,Transformers: Devastation,PS4,2015,Action,Activision,0.1,0.08,0,0.04,0.22
7281,7282,Darksiders II,PS4,2015,Action,Nordic Games,0.09,0.1,0,0.04,0.22
7293,7294,NBA Live 14,PS4,2013,Sports,Electronic Arts,0.14,0.05,0,0.03,0.22
7310,7311,Ride,PS4,2015,Racing,Milestone S.r.l.,0.03,0.13,0.03,0.03,0.22
7385,7386,Transformer: Rise of the Dark Spark,PS4,2014,Action,Activision,0.07,0.1,0.01,0.04,0.21
7495,7496,The Wolf Among Us,PS4,2014,Adventure,Telltale Games,0.1,0.07,0,0.03,0.21
7498,7499,Attack on Titan (KOEI),PS4,2016,Action,Tecmo Koei,0.02,0.06,0.11,0.02,0.2
7576,7577,NHL 17,PS4,2016,Sports,Electronic Arts,0.13,0.04,0,0.04,0.2
7592,7593,Angry Birds Star Wars,PS4,2013,Strategy,Activision,0.1,0.08,0,0.03,0.2
7633,7634,Tony Hawk's Pro Skater 5,PS4,2015,Sports,Activision,0.09,0.08,0,0.03,0.2
7652,7653,BioShock The Collection,PS4,2016,Shooter,Take-Two Interactive,0.05,0.11,0.01,0.03,0.2
7730,7731,Zombie Army Trilogy,PS4,2015,Shooter,Rebellion Developments,0.04,0.12,0,0.03,0.2
7748,7749,Bound By Flame,PS4,2014,Role-Playing,Focus Home Interactive,0.07,0.08,0,0.04,0.19
7893,7894,The Heavy Rain and Beyond: Two Souls Collection,PS4,2016,Action,Sony Computer Entertainment,0,0.16,0,0.03,0.19
7939,7940,Singstar: Ultimate Party,PS4,2014,Misc,Sony Computer Entertainment Europe,0,0.16,0,0.03,0.19
8010,8011,MotoGP 14,PS4,2014,Racing,Milestone S.r.l.,0.04,0.11,0,0.04,0.18
8026,8027,Dynasty Warriors 8: Empires,PS4,2014,Action,Tecmo Koei,0.06,0.07,0.03,0.02,0.18
8088,8089,Odin Sphere: Leifthrasir,PS4,2016,Role-Playing,Nippon Ichi Software,0.06,0.03,0.07,0.02,0.18
8144,8145,Godzilla (2015),PS4,2014,Action,Namco Bandai Games,0.1,0.03,0.02,0.03,0.18
8233,8234,Back to the Future: The Game,PS4,2015,Adventure,Telltale Games,0.1,0.04,0,0.03,0.17
8260,8261,Yakuza Zero: The Place of Oath,PS4,2015,Action,Sega,0,0,0.17,0,0.17
8355,8356,NBA Live 16,PS4,2015,Sports,Electronic Arts,0.1,0.04,0,0.03,0.17
8378,8379,MotoGP 15,PS4,2015,Racing,Milestone S.r.l.,0,0.12,0.03,0.02,0.17
8401,8402,Jikkyou Powerful Pro Baseball 2016,PS4,2016,Sports,Konami Digital Entertainment,0,0,0.17,0,0.17
8410,8411,Valkyria Chronicles,PS4,2016,Role-Playing,Sega,0.06,0.04,0.05,0.02,0.17
8415,8416,Toukiden Kiwami,PS4,2015,Action,Tecmo Koei,0.05,0.07,0.02,0.02,0.17
8449,8450,Senran Kagura: Estival Versus,PS4,2015,Action,Marvelous Interactive,0.07,0,0.08,0.02,0.17
8529,8530,Bladestorm: Nightmare,PS4,2015,Action,Tecmo Koei,0.07,0.04,0.03,0.02,0.16
8658,8659,Yakuza Kiwami,PS4,2016,Adventure,Sega,0,0,0.16,0,0.16
8674,8675,Guilty Gear Xrd: Sign,PS4,2014,Fighting,Arc System Works,0.1,0,0.04,0.02,0.16
8711,8712,Putty Squad,PS4,2013,Platform,System 3,0.06,0.07,0,0.02,0.16
8844,8845,Saint Seiya: Soldiers' Soul,PS4,2015,Fighting,Namco Bandai Games,0,0.09,0.04,0.02,0.15
8907,8908,Warriors Orochi 3,PS4,2014,Action,Tecmo Koei,0.04,0.05,0.04,0.02,0.15
8938,8939,Yakuza: Ishin,PS4,2014,Action,Sega,0,0,0.15,0,0.15
9262,9263,BlazBlue: Chrono Phantasma Extend,PS4,2015,Action,PQube,0.07,0.03,0.02,0.02,0.14
9512,9513,Brothers: A Tale of Two Sons,PS4,2015,Adventure,505 Games,0.03,0.08,0,0.02,0.13
9577,9578,Gravity Rush Remastered,PS4,2015,Action,Sony Computer Entertainment,0.02,0.05,0.04,0.01,0.13
9728,9729,Final Fantasy XIV: Heavensward,PS4,2015,Action,Square Enix,0,0.05,0.06,0.01,0.12
9879,9880,7 Days to Die,PS4,2016,Action,Telltale Games,0.03,0.07,0,0.02,0.12
9917,9918,Don Bradman Cricket 14,PS4,2015,Sports,Tru Blu Entertainment,0.01,0.09,0,0.02,0.12
9990,9991,Sword Art Online: Hollow Fragment,PS4,2015,Role-Playing,Namco Bandai Games,0,0.1,0,0.02,0.12
9994,9995,Dead Island Definitive Collection,PS4,2016,Action,Deep Silver,0.02,0.07,0.01,0.02,0.12
10099,10100,Akiba's Trip: Undead & Undressed,PS4,2014,Action,Acquire,0.08,0,0.01,0.02,0.11
10113,10114,Samurai Warriors 4-II,PS4,2015,Action,Tecmo Koei,0.03,0.02,0.06,0.01,0.11
10284,10285,Digimon Story: Cyber Sleuth,PS4,2016,Role-Playing,Namco Bandai Games,0,0.09,0,0.02,0.11
10311,10312,Rugby 15,PS4,2015,Sports,Bigben Interactive,0.03,0.06,0,0.02,0.11
10520,10521,God Eater 2: Rage Burst,PS4,2015,Role-Playing,Namco Bandai Games,0,0.01,0.09,0,0.1
10582,10583,Wasteland 2,PS4,2015,Role-Playing,Deep Silver,0.07,0,0.01,0.02,0.1
10661,10662,Atelier Sophie: The Alchemist of the Mysterious Book,PS4,2015,Role-Playing,Tecmo Koei,0.01,0.02,0.06,0.01,0.1
10674,10675,Earth Defense Force 2025.1: The Shadow of New Despair,PS4,2015,Action,D3Publisher,0,0,0.1,0,0.1
10727,10728,Ultra Street Fighter IV,PS4,2015,Fighting,Capcom,0,0.08,0,0.01,0.1
10809,10810,Natural Doctrine,PS4,2014,Role-Playing,Nippon Ichi Software,0.05,0.02,0.02,0.01,0.1
10845,10846,Gundam Breaker 3,PS4,2016,Action,Namco Bandai Games,0,0,0.09,0,0.09
10853,10854,The King of Fighters XIV,PS4,2016,Fighting,Deep Silver,0.04,0.01,0.03,0.01,0.09
10892,10893,The Crew: Wild Run,PS4,2015,Action,Ubisoft,0,0.08,0,0.01,0.09
10905,10906,Devil May Cry 4,PS4,2015,Action,Capcom,0.01,0,0.08,0,0.09
10955,10956,The Idolmaster: Platinum Stars,PS4,2016,Simulation,Namco Bandai Games,0,0,0.09,0,0.09
11066,11067,Super Robot Wars OG: The Moon Dwellers,PS4,2016,Misc,Namco Bandai Games,0,0,0.09,0,0.09
11076,11077,Samurai Warriors 4: Empires,PS4,2015,Action,Tecmo Koei,0.02,0.01,0.05,0.01,0.09
11184,11185,Adventure Time: Finn & Jake Investigations,PS4,2015,Action,Little Orbit,0.03,0.04,0,0.01,0.09
11266,11267,Lara Croft and the Temple of Osiris,PS4,2014,Action,Square Enix,0,0.07,0,0.01,0.08
11298,11299,Arslan: The Warriors of Legend,PS4,2015,Action,Tecmo Koei,0.02,0.01,0.04,0.01,0.08
11383,11384,God Eater Resurrection,PS4,2015,Action,Namco Bandai Games,0,0,0.08,0,0.08
11425,11426,Toukiden 2,PS4,2016,Action,Tecmo Koei,0,0,0.08,0,0.08
11483,11484,The Witch and the Hundred Knight,PS4,2015,Role-Playing,Nippon Ichi Software,0.02,0.01,0.05,0.01,0.08
11521,11522,MXGP 2,PS4,2016,Racing,Milestone S.r.l.,0.02,0.05,0,0.01,0.08
11582,11583,Assassin's Creed Chronicles,PS4,2016,Action,Ubisoft,0.01,0.05,0.01,0.01,0.08
11601,11602,The Golf Club,PS4,2014,Sports,Unknown,0.05,0.02,0,0.01,0.08
11628,11629,Dragon's Dogma Online,PS4,2015,Role-Playing,Capcom,0,0,0.08,0,0.08
11723,11724,Shovel Knight,PS4,2015,Platform,Yacht Club Games,0.03,0.03,0,0.01,0.08
11734,11735,Yoru no Nai Kuni,PS4,2015,Role-Playing,Tecmo Koei,0,0,0.08,0,0.08
11743,11744,Mega Man Legacy Collection,PS4,2016,Platform,Capcom,0.06,0,0,0.01,0.07
11842,11843,Teenage Mutant Ninja Turtles: Mutants in Manhattan,PS4,2016,Action,Activision,0.04,0.02,0,0.01,0.07
11896,11897,Guilty Gear Xrd -Revelator-,PS4,2016,Fighting,PQube,0.02,0,0.05,0,0.07
12077,12078,Toy Soldiers: War Chest,PS4,2015,Action,Ubisoft,0.06,0,0,0.01,0.07
12104,12105,Grand Ages: Medieval,PS4,2015,Strategy,Kalypso Media,0,0.05,0.01,0.01,0.07
12134,12135,Resident Evil 6,PS4,2016,Shooter,Capcom,0.05,0,0,0.01,0.07
12162,12163,The Book of Unwritten Tales 2,PS4,2015,Adventure,Nordic Games,0,0.06,0,0.01,0.07
12198,12199,Fairy Fencer F: Advent Dark Force,PS4,2015,Role-Playing,Idea Factory International,0.02,0,0.05,0,0.07
12281,12282,Broken Sword 5: The Serpent's Curse,PS4,2015,Adventure,Revolution Software,0,0.06,0,0.01,0.06
12327,12328,Legend of Kay,PS4,2015,Action,Nordic Games,0.02,0.03,0,0.01,0.06
12389,12390,Song of the Deep,PS4,2016,Action,Insomniac Games,0.05,0,0,0.01,0.06
12403,12404,Valentino Rossi: The Game,PS4,2016,Racing,Namco Bandai Games,0.01,0.05,0,0.01,0.06
12441,12442,Terraria,PS4,2014,Action,505 Games,0,0.05,0.01,0.01,0.06
12448,12449,Risen 3: Titan Lords,PS4,2015,Role-Playing,Deep Silver,0,0.05,0,0.01,0.06
12524,12525,Destiny: The Collection,PS4,2016,Shooter,Activision,0.01,0.04,0,0.01,0.06
12645,12646,Project Setsuna,PS4,2016,Role-Playing,Square Enix,0,0,0.06,0,0.06
12690,12691,Romance of the Three Kingdoms 13,PS4,2015,Action,Tecmo Koei,0.01,0,0.05,0,0.06
12693,12694,Utawarerumono: Itsuwari no Kamen,PS4,2015,Adventure,Aqua Plus,0,0,0.06,0,0.06
12727,12728,Rugby World Cup 2015,PS4,2015,Sports,Ubisoft,0,0.05,0,0.01,0.06
12730,12731,Nights of Azure,PS4,2015,Action,Tecmo Koei,0.03,0.02,0,0.01,0.06
12783,12784,MX vs. ATV Supercross Encore,PS4,2015,Sports,Nordic Games,0,0.05,0,0.01,0.06
12801,12802,Handball 16,PS4,2015,Sports,Bigben Interactive,0,0.05,0,0.01,0.06
12803,12804,Grand Kingdom,PS4,2015,Role-Playing,Nippon Ichi Software,0.02,0,0.03,0,0.06
12806,12807,Nobunaga no Yabou: Souzou,PS4,2014,Strategy,Tecmo Koei,0,0,0.06,0,0.06
12836,12837,Kamen Rider: Battride War Genesis,PS4,2016,Action,Namco Bandai Games,0,0,0.05,0,0.05
12926,12927,ZombiU,PS4,2016,Action,Ubisoft,0,0.04,0.01,0.01,0.05
12949,12950,Arcania: Gothic 4,PS4,2015,Role-Playing,Nordic Games,0.04,0,0,0.01,0.05
12988,12989,Dead or Alive Xtreme 3: Fortune,PS4,2016,Sports,Tecmo Koei,0,0,0.05,0,0.05
13013,13014,WRC 5: FIA World Rally Championship,PS4,2015,Sports,Bigben Interactive,0,0.04,0,0.01,0.05
13014,13015,Earth Defense Force 4.1: The Shadow of New Despair,PS4,2015,Shooter,Xseed Games,0.02,0.02,0,0.01,0.05
13030,13031,Assetto Corsa,PS4,2016,Racing,505 Games,0,0.04,0,0.01,0.05
13071,13072,Child of Light,PS4,2014,Role-Playing,Ubisoft,0,0.01,0.04,0,0.05
13096,13097,The Technomancer,PS4,2016,Role-Playing,Focus Home Interactive,0.01,0.03,0,0.01,0.05
13124,13125,Steins;Gate 0,PS4,2015,Adventure,PQube,0,0,0.05,0,0.05
13139,13140,Sengoku Basara 4: Sumeragi,PS4,2015,Action,Capcom,0,0,0.05,0,0.05
13171,13172,Pro Cycling Manager 2016,PS4,2016,Sports,Focus Home Interactive,0,0.04,0,0.01,0.05
13261,13262,Sword Art Online: Game Director's Edition,PS4,2015,Role-Playing,Namco Bandai Games,0,0,0.05,0,0.05
13286,13287,Saints Row: Gat out of Hell,PS4,2015,Action,Deep Silver,0,0.04,0,0.01,0.05
13347,13348,Game of Thrones (Telltale),PS4,2015,Adventure,Telltale Games,0.04,0,0,0.01,0.05
13436,13437,Mighty No. 9,PS4,2016,Platform,Deep Silver,0.04,0,0,0.01,0.05
13488,13489,Nobunaga's Ambition: Sphere of Influence - Sengoku Risshiden,PS4,2016,Misc,Tecmo Koei,0,0,0.04,0,0.04
13509,13510,SÃ©bastien Loeb Rally Evo,PS4,2016,Racing,Milestone S.r.l,0,0.04,0,0.01,0.04
13615,13616,Utawarerumono: Futari no Hakuoro,PS4,2016,Misc,Aqua Plus,0,0,0.04,0,0.04
13648,13649,Hitman (2016),PS4,2016,Action,Square Enix,0,0.04,0,0.01,0.04
13677,13678,Nitroplus Blasterz: Heroines Infinite Duel,PS4,2015,Fighting,Marvelous Interactive,0.01,0,0.02,0,0.04
13703,13704,XCOM 2,PS4,2016,Strategy,Take-Two Interactive,0.01,0.02,0,0.01,0.04
13760,13761,Infamous: First Light,PS4,2014,Action,Sony Computer Entertainment,0,0.03,0,0.01,0.04
13780,13781,Nobunaga's Ambition: Sphere of Influence,PS4,2014,Strategy,Tecmo Koei,0.03,0,0,0.01,0.04
13855,13856,Hyperdimension Neptunia Victory II,PS4,2015,Role-Playing,Idea Factory International,0,0,0.04,0,0.04
13882,13883,Rugby Challenge 3,PS4,2016,Sports,Alternative Software,0,0.03,0,0.01,0.04
13886,13887,Hatsune Miku: Project Diva X,PS4,2016,Misc,Sega,0.01,0,0.02,0,0.04
14084,14085,Assassin's Creed Chronicles: China,PS4,2015,Action,Ubisoft,0,0.03,0,0.01,0.04
14093,14094,Batman: A Telltale Game Series,PS4,2016,Adventure,Telltale Games,0.01,0.02,0,0.01,0.04
14139,14140,Resident Evil 4 HD,PS4,2016,Shooter,Capcom,0.03,0,0,0.01,0.03
14143,14144,Tour de France 2014,PS4,2014,Sports,Focus Home Interactive,0,0.03,0,0,0.03
14228,14230,JoJo's Bizarre Adventure: Eyes of Heaven,PS4,2015,Fighting,Namco Bandai Games,0,0,0.03,0,0.03
14234,14236,NASCAR Heat Evolution,PS4,2016,Racing,Dusenberry Martin Racing,0.03,0,0,0.01,0.03
14391,14393,Phantasy Star Online 2 Episode 4: Deluxe Package,PS4,2017,Role-Playing,Sega,0,0,0.03,0,0.03
14428,14430,Summon Night 6: Lost Borders,PS4,2016,Action,Namco Bandai Games,0,0,0.03,0,0.03
14624,14626,Exist Archive: The Other Side of the Sky,PS4,2015,Role-Playing,Aksys Games,0,0,0.03,0,0.03
14681,14683,Ghostbusters (2016),PS4,2016,Action,Activision,0.02,0,0,0.01,0.03
14758,14760,Let's Sing 2016,PS4,2015,Action,FuRyu Corporation,0.02,0,0,0.01,0.03
14812,14814,Sengoku Basara: Sanada Yukimura-Den,PS4,2016,Action,Capcom,0,0,0.03,0,0.03
14835,14837,The Peanuts Movie: Snoopy's Grand Adventure,PS4,2015,Action,Activision,0,0.02,0,0,0.03
14883,14885,God Eater Off Shot: Lindow-hen Twin Pack & Animation Vol. 2,PS4,2015,Misc,Namco Bandai Games,0,0,0.03,0,0.03
14897,14899,Psycho-Pass: Mandatory Happiness,PS4,2016,Adventure,Nippon Ichi Software,0.02,0,0,0,0.03
14972,14974,Omega Quintet,PS4,2014,Role-Playing,Compile Heart,0,0,0.02,0,0.02
14979,14981,Blade Arcus from Shining EX,PS4,2015,Fighting,Sega,0,0,0.02,0,0.02
15037,15039,Tokyo Xanadu eX+,PS4,2016,Role-Playing,Nihon Falcom Corporation,0,0,0.02,0,0.02
15083,15085,Prison Architect,PS4,2016,Action,Introversion Software,0.01,0.01,0,0,0.02
15087,15089,Rugby League Live 3,PS4,2015,Action,Tru Blu Entertainment,0,0.02,0,0,0.02
15167,15169,Aegis of Earth: Protonovus Assault,PS4,2016,Action,PQube,0.02,0,0,0,0.02
15339,15341,Dead Rising,PS4,2016,Action,Capcom,0.01,0,0,0,0.02
15395,15397,Anima - Gate of Memories,PS4,2016,Action,Avanquest,0,0.02,0,0,0.02
15404,15406,Resident Evil: Umbrella Corps,PS4,2016,Action,Capcom,0,0,0.02,0,0.02
15443,15445,Legend of Kay Anniversary,PS4,2015,Action,Nordic Games,0,0.02,0,0,0.02
15465,15467,Dino Dini's Kick Off Revival,PS4,2016,Sports,Avanquest,0,0.02,0,0,0.02
15475,15477,Natsuiro High School: Seishun Hakusho,PS4,2015,Action,D3Publisher,0,0,0.02,0,0.02
15476,15478,Black Rose Valkyrie,PS4,2016,Role-Playing,Idea Factory,0,0,0.02,0,0.02
15482,15484,Agatha Christie's The ABC Murders,PS4,2016,Adventure,Microids,0.01,0.01,0,0,0.02
15540,15542,The Talos Principle,PS4,2015,Puzzle,Devolver Digital,0,0.02,0,0,0.02
15665,15667,Rabbids Invasion: The Interactive TV Show,PS4,2014,Misc,Ubisoft,0,0.01,0,0,0.02
15685,15687,Winning Post 8 2016,PS4,2016,Simulation,Tecmo Koei,0,0,0.02,0,0.02
15715,15717,This War of Mine,PS4,2016,Action,Deep Silver,0,0.01,0,0,0.02
15853,15855,Assault Suit Leynos,PS4,2016,Shooter,Rising Star Games,0.01,0,0,0,0.02
15887,15889,Koihime Enbu,PS4,2016,Fighting,Yeti,0,0,0.02,0,0.02
15926,15928,Professional Farmer 2016,PS4,2015,Action,Namco Bandai Games,0,0.01,0,0,0.02
15941,15943,Worms: WMD,PS4,2016,Action,Sold Out,0.01,0.01,0,0,0.02
15947,15949,Touhou Genso Rondo: Bullet Ballet,PS4,2016,Shooter,Nippon Ichi Software,0.01,0,0,0,0.02
16020,16022,God Eater Off Shot: Soma Shikkuzaru-hen Twin Pack & Animation Vol.4,PS4,2016,Action,Namco Bandai Games,0,0,0.01,0,0.01
16044,16046,Raven's Cry,PS4,2015,Role-Playing,TopWare Interactive,0,0.01,0,0,0.01
16049,16051,God Eater Off Shot:Shiou-hen Twin Pack & Animation Vol.5,PS4,2016,Misc,Namco Bandai Games,0,0,0.01,0,0.01
16096,16098,Resident Evil 5 HD,PS4,2016,Action,Capcom,0.01,0,0,0,0.01
16137,16139,Dragon's Dogma Online: Season 2,PS4,2016,Action,Capcom,0,0,0.01,0,0.01
16176,16178,Republique,PS4,2016,Action,Nippon Ichi Software,0,0.01,0.01,0,0.01
16221,16223,Dynasty Warriors: Eiketsuden,PS4,2016,Action,Tecmo Koei,0,0,0.01,0,0.01
16261,16263,Paragon,PS4,2016,Action,Epic Games,0.01,0,0,0,0.01
16334,16336,Chaos;Child,PS4,2015,Adventure,5pb,0,0,0.01,0,0.01
16551,16553,God Eater Off Shot: Tachibana Sakuya-hen Twin Pack & Animation Vol.7,PS4,2016,Action,Namco Bandai Games,0,0,0.01,0,0.01
16571,16573,Farming 2017 - The Simulation,PS4,2016,Simulation,UIG Entertainment,0,0.01,0,0,0.01
